{
    "all_rate": 0.056666666666666664,
    "noise_rate": 0.6,
    "tt": 17,
    "nums": 300,
    "time_average": 5.754811081091563
}