{
    "all_rate": 0.25333333333333335,
    "noise_rate": 0.6,
    "tt": 76,
    "nums": 300,
    "time_average": 2.425526428222656
}