{
    "all_rate": 0.6133333333333333,
    "noise_rate": 0.6,
    "tt": 184,
    "nums": 300,
    "time_average": 23.409541086355844
}