{
    "all_rate": 0.05,
    "noise_rate": 0.6,
    "tt": 5,
    "nums": 100,
    "time_average": 1.795330286026001,
    "fact_check_rate": 0.15,
    "correct_rate": 0.13333333333333333,
    "fact_tt": 15,
    "correct_tt": 2
}