{
    "all_rate": 0.04666666666666667,
    "noise_rate": 0.6,
    "tt": 14,
    "nums": 300,
    "time_average": 4.7636237080891926
}