{
    "all_rate": 0.05333333333333334,
    "noise_rate": 0.6,
    "tt": 16,
    "nums": 300,
    "time_average": 3.00707307100296
}