{
    "all_rate": 0.03333333333333333,
    "noise_rate": 0.6,
    "tt": 10,
    "nums": 300,
    "time_average": 0.8497762449582418
}