{
    "all_rate": 0.06,
    "noise_rate": 0.6,
    "tt": 6,
    "nums": 100,
    "time_average": 4.205065393447876,
    "fact_check_rate": 0.34,
    "correct_rate": 0.08823529411764706,
    "fact_tt": 34,
    "correct_tt": 3
}