{
    "all_rate": 0.17,
    "noise_rate": 0.6,
    "tt": 17,
    "nums": 100,
    "time_average": 4.612169320583344,
    "fact_check_rate": 0.06,
    "correct_rate": 0.3333333333333333,
    "fact_tt": 6,
    "correct_tt": 2
}