{
    "all_rate": 0.7666666666666667,
    "noise_rate": 0.6,
    "tt": 230,
    "nums": 300,
    "time_average": 4.532581254641215
}