{
    "all_rate": 0.8133333333333334,
    "noise_rate": 0.6,
    "tt": 244,
    "nums": 300,
    "time_average": 3.7978765885035197
}