{
    "all_rate": 0.8666666666666667,
    "noise_rate": 0.6,
    "tt": 260,
    "nums": 300,
    "time_average": 5.118722949028015
}