{
    "all_rate": 0.8966666666666666,
    "noise_rate": 0.6,
    "tt": 269,
    "nums": 300,
    "time_average": 13.729342272281647
}