{
    "all_rate": 0.23404255319148937,
    "noise_rate": 0.6,
    "tt": 22,
    "nums": 94,
    "time_average": 74.64055694925024
}