{
    "all_rate": 0.1276595744680851,
    "noise_rate": 0.6,
    "tt": 12,
    "nums": 94,
    "time_average": 92.65800898379467
}