{
    "all_rate": 0.8066666666666666,
    "noise_rate": 0.6,
    "tt": 242,
    "nums": 300,
    "time_average": 2.5062835693359373
}