{
    "all_rate": 0.38333333333333336,
    "noise_rate": 0.6,
    "tt": 115,
    "nums": 300,
    "time_average": 7.864933361212413
}