{
    "all_rate": 0.8233333333333334,
    "noise_rate": 0.6,
    "tt": 247,
    "nums": 300,
    "time_average": 6.292953535715739
}