{
    "all_rate": 0.7333333333333333,
    "noise_rate": 0.6,
    "tt": 220,
    "nums": 300,
    "time_average": 1.9437426702181497
}